{"cameraMode":{"drawMode":0,"name":"Shaded","section":"Shading Mode"},"sceneLighting":true,"audioPlay":false,"sceneViewState":{"m_AlwaysRefresh":false,"showFog":true,"showSkybox":true,"showFlares":true,"showImageEffects":true,"showParticleSystems":true,"showVisualEffectGraphs":true,"m_FxEnabled":true},"in2DMode":false,"pivot":{"x":-0.49192720651626589,"y":-3.209521770477295,"z":-0.7501788139343262},"rotation":{"x":0.38877353072166445,"y":0.012098107486963272,"z":-0.005235289689153433,"w":0.9213175773620606},"size":8.11601448059082,"orthographic":false}