{"cameraMode":{"drawMode":0,"name":"Shaded","section":"Shading Mode"},"sceneLighting":true,"audioPlay":false,"sceneViewState":{"m_AlwaysRefresh":false,"showFog":true,"showSkybox":true,"showFlares":true,"showImageEffects":true,"showParticleSystems":true,"showVisualEffectGraphs":true,"m_FxEnabled":true},"in2DMode":false,"pivot":{"x":-0.9964160323143005,"y":0.6482418179512024,"z":0.3603307902812958},"rotation":{"x":0.5322568416595459,"y":0.02519039809703827,"z":-0.01568690687417984,"w":0.8461781144142151},"size":2.8616180419921877,"orthographic":false}