{"cameraMode":{"drawMode":0,"name":"Shaded","section":"Shading Mode"},"sceneLighting":false,"audioPlay":false,"sceneViewState":{"m_AlwaysRefresh":false,"showFog":true,"showSkybox":false,"showFlares":true,"showImageEffects":true,"showParticleSystems":true,"showVisualEffectGraphs":true,"m_FxEnabled":true},"in2DMode":false,"pivot":{"x":0.49117693305015566,"y":0.4778498411178589,"z":-0.13373015820980073},"rotation":{"x":0.7004390358924866,"y":-0.007634184323251247,"z":0.007674389984458685,"w":0.7137660980224609},"size":0.8561992645263672,"orthographic":false}